"283","indianfood","2","i_am_mzungu,lillyvagabonda73","0",,"https://instagram.com/p/07K9jCTHuM/","1000.0","1000.0","Hello Delhi! I'm back to the markets sourcing spices & work on an exciting project this year. Oh! And to eat my body weight in chaat ofcourse  #delhi #cookinacurrytravels #food #chaat #indianfood #indiancuisine #spices #markets #streetfood #ingers #ig_food #foodstagram #masala #india #delicious #curry #maunikagowardhan #indiankitchen #indianstreetfood","1427874629","cookinacurry","https://igcdn-photos-b-a.akamaihd.net/hphotos-ak-xaf1/t51.2885-19/10817919_1517082831880833_1803080194_a.jpg","Maunika Gowardhan","image","https://scontent.cdninstagram.com/hphotos-xaf1/t51.2885-15/s306x306/e15/11055519_470899223059748_1492155701_n.jpg","https://scontent.cdninstagram.com/hphotos-xaf1/t51.2885-15/e15/11055519_470899223059748_1492155701_n.jpg","https://scontent.cdninstagram.com/hphotos-xaf1/t51.2885-15/s150x150/e15/11055519_470899223059748_1492155701_n.jpg","None","None","None"
"284","indianfood","1","eattravelrock","0",,"https://instagram.com/p/07K80LH2hW/","100.500886678","13.764651003","Goat biryani, lamb kadai, tandoori chicken with pickled fruit, paratha and cucumber-tomato raita. #biryani #tandoori #indianfood #food #foodgasm #foodporn #foodpics #freshfoodz #foodstagram #instafood #EEEEEATS","1427874623","dimitri_willems","https://instagramimages-a.akamaihd.net/profiles/profile_838542009_75sq_1387705488.jpg","Wouter Willems","image","https://scontent.cdninstagram.com/hphotos-xaf1/t51.2885-15/s306x306/e15/11098420_396740060497433_1413720119_n.jpg","https://scontent.cdninstagram.com/hphotos-xaf1/t51.2885-15/e15/11098420_396740060497433_1413720119_n.jpg","https://scontent.cdninstagram.com/hphotos-xaf1/t51.2885-15/s150x150/e15/11098420_396740060497433_1413720119_n.jpg","None","None","None"
"285","indianfood","3","tamanal,patrickwatkinsj,christopher.james","0",,"https://instagram.com/p/07Kyn8Cl7a/","73.767780346","20.005047545","Chicken bhuna roll from Maroosh  is a perfect  evening and a late night snack. Roomli roti is freshly made and the chicken bhunna is really good has a lot of flavour. #eatupfatty #bombay #mumbai #mumbaifood #maroosh #chickenbhunaroll #chickenbhuna #roomaliroti #chickenbhuna #eveningsnack #quickbite #food #foodie #foods #foodporn #foodfood #foodshare #foodinsta #foodlovers #foodspotting #chicken #instafood #indianfood #instagood #muglaifood #rolls #tastesgood #score 8.5/10","1427874540","eatupfatty","https://igcdn-photos-g-a.akamaihd.net/hphotos-ak-xfa1/t51.2885-19/10948919_397138050459134_531063787_a.jpg","Hiren Kewlani","image","https://scontent.cdninstagram.com/hphotos-xap1/t51.2885-15/s306x306/e15/10809855_369683473215037_622862131_n.jpg","https://scontent.cdninstagram.com/hphotos-xap1/t51.2885-15/e15/10809855_369683473215037_622862131_n.jpg","https://scontent.cdninstagram.com/hphotos-xap1/t51.2885-15/s150x150/e15/10809855_369683473215037_622862131_n.jpg","None","None","None"
"286","indianfood","1","fr3einstafollowerz","0",,"https://instagram.com/p/07KtcbrqSD/","1000","1000","Platter time! #food #foodporn #indianfood","1427874498","talkativethoughts","https://igcdn-photos-e-a.akamaihd.net/hphotos-ak-xaf1/t51.2885-19/11084991_1576512085967012_754692061_a.jpg","Ashima","image","https://scontent.cdninstagram.com/hphotos-xfp1/t51.2885-15/s306x306/e15/10723963_572778892851022_1639840146_n.jpg","https://scontent.cdninstagram.com/hphotos-xfp1/t51.2885-15/e15/10723963_572778892851022_1639840146_n.jpg","https://scontent.cdninstagram.com/hphotos-xfp1/t51.2885-15/s150x150/e15/10723963_572778892851022_1639840146_n.jpg","None","None","None"
"287","indianfood","1","psychadelicsolace","0",,"https://instagram.com/p/07Kj35LITT/","116.126387153","6.032153009","mutton briyani special. today only at @ksanbascurryspecials #ksanba #indianfood #bryani #briyani #lamb #mutton","1427874419","sfazly","https://igcdn-photos-c-a.akamaihd.net/hphotos-ak-xfa1/t51.2885-19/10731820_1521205514808746_297081275_a.jpg","Syahirul Fazly","image","https://scontent.cdninstagram.com/hphotos-xfa1/t51.2885-15/s306x306/e15/11111276_361860687343850_892877399_n.jpg","https://scontent.cdninstagram.com/hphotos-xfa1/t51.2885-15/e15/11111276_361860687343850_892877399_n.jpg","https://scontent.cdninstagram.com/hphotos-xfa1/t51.2885-15/s150x150/e15/11111276_361860687343850_892877399_n.jpg","None","None","None"
"288","indianfood","7","adrianssweettooth,comprarfoie,darylbeaney,mkrdanchristie","0",,"https://instagram.com/p/07J7hSMCJb/","1000","1000","#roti#indianfood#firozian#cebu#cebucity#foodie#foodporn#foodtrip#foodlover#","1427874089","kkinzboice","https://instagramimages-a.akamaihd.net/profiles/profile_607938079_75sq_1385827635.jpg","Kkinz Boice","image","https://scontent.cdninstagram.com/hphotos-xpa1/t51.2885-15/s306x306/e15/1515260_463680970465441_232678219_n.jpg","https://scontent.cdninstagram.com/hphotos-xpa1/t51.2885-15/e15/1515260_463680970465441_232678219_n.jpg","https://scontent.cdninstagram.com/hphotos-xpa1/t51.2885-15/s150x150/e15/1515260_463680970465441_232678219_n.jpg","None","None","None"
"289","indianfood","2","indonesianlawakclub,streets.of.india","0",,"https://instagram.com/p/07J3_mgxQ1/","1000","1000","my lunch.. traditional banana leaf rice.. #bananaleafrice  #indianfood  #traditional #food #curry #sambal","1427874060","alongmasterchef","https://igcdn-photos-b-a.akamaihd.net/hphotos-ak-xfa1/t51.2885-19/10963886_1016308188397993_2134983597_a.jpg","all about food :)","image","https://scontent.cdninstagram.com/hphotos-xpa1/t51.2885-15/s306x306/e15/924424_794990487249537_558427177_n.jpg","https://scontent.cdninstagram.com/hphotos-xpa1/t51.2885-15/e15/924424_794990487249537_558427177_n.jpg","https://scontent.cdninstagram.com/hphotos-xpa1/t51.2885-15/s150x150/e15/924424_794990487249537_558427177_n.jpg","None","None","None"
"290","indianfood","6","noura_alhashemi,resocandpatricia,fanzbnatsabhan133,eating_with_me","0",,"https://instagram.com/p/07JwXQC-_a/","55.384295126","25.110922497","Have an appetite for #Indian cuisine? Drop by @ushnaabudhabi here at #SoukQAB. #qaryatalberi #soukqaryatalberi #abudhabi #abudhabifood #abudhabilife #myabudhabi #delicious #indianfood #instaabudhabi #inabudhabi","1427873997","thesoukqab","https://igcdn-photos-d-a.akamaihd.net/hphotos-ak-xfa1/t51.2885-19/10895282_403210163172107_1135040039_a.jpg","Souk Qaryat Al Beri","image","https://scontent.cdninstagram.com/hphotos-xaf1/t51.2885-15/s306x306/e15/11056023_1378016519191385_1044020921_n.jpg","https://scontent.cdninstagram.com/hphotos-xaf1/t51.2885-15/e15/11056023_1378016519191385_1044020921_n.jpg","https://scontent.cdninstagram.com/hphotos-xaf1/t51.2885-15/s150x150/e15/11056023_1378016519191385_1044020921_n.jpg","None","None","None"
"291","indianfood","3","dividingsuspending,ramu.ka.ka,brigidgazzo","0",,"https://instagram.com/p/07ImMnAeEk/","-117.682723149","33.645065969","The guy from pharmacy asked me if I was working tonight and this is why! Lol #breaktime #legit #indianfood #beatstobenice #yummy","1427873390","nicolebella10","https://igcdn-photos-f-a.akamaihd.net/hphotos-ak-xfa1/t51.2885-19/10522228_564038937030661_26437321_a.jpg",,"image","https://scontent.cdninstagram.com/hphotos-xfa1/t51.2885-15/s306x306/e15/11085023_954532944577753_938909027_n.jpg","https://scontent.cdninstagram.com/hphotos-xfa1/t51.2885-15/e15/11085023_954532944577753_938909027_n.jpg","https://scontent.cdninstagram.com/hphotos-xfa1/t51.2885-15/s150x150/e15/11085023_954532944577753_938909027_n.jpg","None","None","None"
"292","indianfood","12","allergianabroad,littlevegankitchen,fruithugger,laurapalmgren","0",,"https://instagram.com/p/07IcevE8YP/","1000","1000","Making dosa at home is too much time taking. When cooking is your hobby........... Then everything is acceptable, enjoy with me#dosa#favourite #foodmania ##flavourvolcano #delicious #foodtalkindia #foodie #foodlovers #homemade #fresh #eat #eatclean #vegan #veganfoodie #yummy #food #indianfood #indianfood #instafood #fresh #southindianfood #imade #taste #mealforameal #homecooking","1427873310","neetatarway","https://igcdn-photos-b-a.akamaihd.net/hphotos-ak-xaf1/t51.2885-19/11055793_563442783816617_705352079_a.jpg","neeta","image","https://scontent.cdninstagram.com/hphotos-xfa1/t51.2885-15/s306x306/e15/11098244_1621041351442744_1526707437_n.jpg","https://scontent.cdninstagram.com/hphotos-xfa1/t51.2885-15/e15/11098244_1621041351442744_1526707437_n.jpg","https://scontent.cdninstagram.com/hphotos-xfa1/t51.2885-15/s150x150/e15/11098244_1621041351442744_1526707437_n.jpg","None","None","None"
"293","indianfood","16","blackkiwee,allergianabroad,bthu90,memorymorsels","0",,"https://instagram.com/p/07IWUEjROd/","1000","1000","Start your day with a chilly dose at Garden Cafe
#gardencafe #Jaipur #cafediaries #chilli #food #indianfood #indianflavors #healthyfood #comfortfood #instaflavors #instagood #goodtimes #Foodie #foodlove #foodmorning #foodholic #foodstagram #foodgasm #foodporn #foodtalkindia #beautifuljaipur","1427873259","gardencafe_jaipur","https://igcdn-photos-d-a.akamaihd.net/hphotos-ak-xaf1/t51.2885-19/10914549_964866153541419_603285544_a.jpg","Garden Cafe","image","https://scontent.cdninstagram.com/hphotos-xaf1/t51.2885-15/s306x306/e15/10956768_985216534831237_2013156023_n.jpg","https://scontent.cdninstagram.com/hphotos-xaf1/t51.2885-15/e15/10956768_985216534831237_2013156023_n.jpg","https://scontent.cdninstagram.com/hphotos-xaf1/t51.2885-15/s150x150/e15/10956768_985216534831237_2013156023_n.jpg","None","None","None"
"294","indianfood","5","tanu_sri,barkhakalani,jairoazevedo,memorymorsels","0",,"https://instagram.com/p/07Gfz8iyi2/","1000","1000","#foodlove #life#flavorful #indianfood #rajmachaval #lunch #home#mom'slove

Happiness is mom's cooked rajma_chaval ....","1427872289","tanu_sri","https://igcdn-photos-h-a.akamaihd.net/hphotos-ak-xfa1/t51.2885-19/10948253_331444637061127_845781075_a.jpg","Tanu sri","image","https://scontent.cdninstagram.com/hphotos-xfa1/t51.2885-15/s306x306/e15/11055410_698899003555829_1714571810_n.jpg","https://scontent.cdninstagram.com/hphotos-xfa1/t51.2885-15/e15/11055410_698899003555829_1714571810_n.jpg","https://scontent.cdninstagram.com/hphotos-xfa1/t51.2885-15/s150x150/e15/11055410_698899003555829_1714571810_n.jpg","None","None","None"
"295","indianfood","10","rheadeb,mcousseau,ank890,4lot","1","Missing all of this! ","https://instagram.com/p/07GIRFIjUW/","1000","1000","Worth the wait! #gujaratithali #thali #indianfood #foodgasm #foodporn #livetoeat #foodlovers #instafood #instagramfood #gujrat #india #instaindia #instagramindia #igindia #igersindia #slurp #poori #jaljeera #mumbai #incredibleindia #traditionalfood #westindia","1427872096","swami89","https://instagramimages-a.akamaihd.net/profiles/profile_13332188_75sq_1392655439.jpg","Abhishek Krishna","image","https://scontent.cdninstagram.com/hphotos-xfa1/t51.2885-15/s306x306/e15/11094458_760321200702897_1308192327_n.jpg","https://scontent.cdninstagram.com/hphotos-xfa1/t51.2885-15/e15/11094458_760321200702897_1308192327_n.jpg","https://scontent.cdninstagram.com/hphotos-xfa1/t51.2885-15/s150x150/e15/11094458_760321200702897_1308192327_n.jpg","None","None","None"
"296","indianfood","3","priyasanil,ultramaly,petitlover","1","#homemade #homecooked#saagparantha #spinachparatha #indianfood #desi #cuisine #sydney #food #photo #ilovecooking #spinach","https://instagram.com/p/07FxPkAzx-/","1000","1000","[Saag Paratha]","1427871907","rubyrajesh","https://instagramimages-a.akamaihd.net/profiles/profile_30235206_75sq_1394694520.jpg","Ruby","image","https://scontent.cdninstagram.com/hphotos-xfa1/t51.2885-15/s306x306/e15/11017655_825468880862039_1807936762_n.jpg","https://scontent.cdninstagram.com/hphotos-xfa1/t51.2885-15/e15/11017655_825468880862039_1807936762_n.jpg","https://scontent.cdninstagram.com/hphotos-xfa1/t51.2885-15/s150x150/e15/11017655_825468880862039_1807936762_n.jpg","None","None","None"
"297","indianfood","4","tono.martinezcendejas.1,perlajamz,lulustacoshop,minifridgeblog","1","#NoFilter #InstaYum #Tasty #Delicious #GourmetExperience #Gourmet #CookingAtHome #IndianFood #IndianCuisine #MexicanCuisine #MexicanFood #FlavorsFromMexico #FlavorsFromIndia #Fusion #FusionCuisine #CreativeCuisine #IndoMexican #Potatoes #Curry #CurrySauce #Madras #MadrasCurrySauce #MadrasCurrySauce #Chilpotle #SmokedChilpotle #ChilpotlePepper #Spicy #SpicyHot #SpiceUpYourLife #WKND","https://instagram.com/p/07FpfEHY3E/","-103.3806982","20.6800317","Let's try Fusion-Cuisine... Potatoes in a Madras/Cashew Curry Sauce scented w/Smoked Chilpotle Pepper!!!","1427871844","groovybikerdanny","https://igcdn-photos-f-a.akamaihd.net/hphotos-ak-xfp1/t51.2885-19/1389893_298944703639037_66984570_a.jpg","Danny Giron","image","https://scontent.cdninstagram.com/hphotos-xfa1/t51.2885-15/s306x306/e15/11084987_350449981811531_2024592310_n.jpg","https://scontent.cdninstagram.com/hphotos-xfa1/t51.2885-15/e15/11084987_350449981811531_2024592310_n.jpg","https://scontent.cdninstagram.com/hphotos-xfa1/t51.2885-15/s150x150/e15/11084987_350449981811531_2024592310_n.jpg","None","None","None"
"298","indianfood","36","mameawf,luksooo,meansupakrit,thefirstttttttt","0",,"https://instagram.com/p/07FNxpoUiE/","1000","1000","But if we loved each other we would definitely find a way to be together in this busy world.. CR: Valerie #Indianfood #dinner #withfriends","1427871617","dearalice24","https://igcdn-photos-e-a.akamaihd.net/hphotos-ak-xfa1/t51.2885-19/11078870_1595185974062332_452055803_a.jpg","Deal Dear","image","https://scontent.cdninstagram.com/hphotos-xaf1/t51.2885-15/s306x306/e15/11116873_1536024813303774_72314596_n.jpg","https://scontent.cdninstagram.com/hphotos-xaf1/t51.2885-15/e15/11116873_1536024813303774_72314596_n.jpg","https://scontent.cdninstagram.com/hphotos-xaf1/t51.2885-15/s150x150/e15/11116873_1536024813303774_72314596_n.jpg","None","None","None"
"299","indianfood","9","rohitpixel,chaddhtims,beaux_beaux_,i_am_camera_monster","2","#India #visitindia #incredibleindia #kochi #Kerala #malabarjunction #Asia #travel #travelguide #lunch #foodie #food #cooking #indianfood #thali #vegetarian #yum~|Yum","https://instagram.com/p/07EcXssmXS/","1000","1000","In addition to suggestions for where to visit, Stephen Scourfield's India Guide has a bit of a foodie focus, including a look at the complexities of regional cuisine and a cooking class in Kerala. Read more at thewest.com.au (link in profile). The delicious creation pictured is a vegetarian thali at Malabar Junction in Kochi.","1427871212","thewesttravel","https://igcdn-photos-g-a.akamaihd.net/hphotos-ak-xpa1/t51.2885-19/924754_872315709456062_1781551909_a.jpg","Travel in The West Australian","image","https://scontent.cdninstagram.com/hphotos-xaf1/t51.2885-15/s306x306/e15/10554196_631806033616981_1604674021_n.jpg","https://scontent.cdninstagram.com/hphotos-xaf1/t51.2885-15/e15/10554196_631806033616981_1604674021_n.jpg","https://scontent.cdninstagram.com/hphotos-xaf1/t51.2885-15/s150x150/e15/10554196_631806033616981_1604674021_n.jpg","None","None","None"
"300","indianfood","23","dinajbornq018,quitting_statusx,apen_matkat,i_am_camera_monster","0",,"https://instagram.com/p/07DpJ8sKW1/","72.871226572","19.103688365","Plain dosa! It's so good that I had two can anyone tell me what's that chutney in yellow? It tastes so good too!  #mygreenkitchenette #vegetarian #vegetarianfood #instafood #yum #india #mumbai #hyattregencymumbai #dosa #chutney #coconut #sambal #sogood #indianfood #explore #travel #instatravel #journey #worldcitizen #MeatFreeMonday #FollowMe #vegetarianofinstagram #foodphotography #PlantBased","1427870792","mygreenkitchenette","https://igcdn-photos-b-a.akamaihd.net/hphotos-ak-xfa1/t51.2885-19/10616958_848042751893073_1905814191_a.jpg","my green kitchenette ","image","https://scontent.cdninstagram.com/hphotos-xaf1/t51.2885-15/s306x306/e15/11055937_1374273292901972_922383490_n.jpg","https://scontent.cdninstagram.com/hphotos-xaf1/t51.2885-15/e15/11055937_1374273292901972_922383490_n.jpg","https://scontent.cdninstagram.com/hphotos-xaf1/t51.2885-15/s150x150/e15/11055937_1374273292901972_922383490_n.jpg","None","None","None"
"301","indianfood","3","fairus360,lianfu_here,nurainijene","0",,"https://instagram.com/p/07CzHGrHmG/","1000","1000","Butter chicken
#indianfood
At chai chee 750e","1427870350","ongchoryew","https://instagramimages-a.akamaihd.net/profiles/profile_295567845_75sq_1369488898.jpg","Ong Chor Yew","image","https://scontent.cdninstagram.com/hphotos-xaf1/t51.2885-15/s306x306/e15/11055918_1582000198684097_1865444962_n.jpg","https://scontent.cdninstagram.com/hphotos-xaf1/t51.2885-15/e15/11055918_1582000198684097_1865444962_n.jpg","https://scontent.cdninstagram.com/hphotos-xaf1/t51.2885-15/s150x150/e15/11055918_1582000198684097_1865444962_n.jpg","None","None","None"
"302","indianfood","24","rashid_alzaabi91,foodpauer,fkreamy,dianales_","1","Amazing photos","https://instagram.com/p/07CxGrx01n/","1000","1000","#motimahal #businessbay #executivetowers T 043695000 #dubai #uae #india #uk #bahrain #suadiarabia #suadi #sharjah #indian #indubai #instafood #indianfood #instadubai #instaindia #instaphotos #instaabudhabi #etihad #emirates #emiratescrew #yummy #foodie #gcc #gulfair #greatdubai","1427870333","jjo219","https://igcdn-photos-b-a.akamaihd.net/hphotos-ak-xaf1/t51.2885-19/10817590_325761667625465_1799801845_a.jpg","Joe Josiph","image","https://scontent.cdninstagram.com/hphotos-xaf1/t51.2885-15/s306x306/e15/11111383_637585509706147_31217084_n.jpg","https://scontent.cdninstagram.com/hphotos-xaf1/t51.2885-15/e15/11111383_637585509706147_31217084_n.jpg","https://scontent.cdninstagram.com/hphotos-xaf1/t51.2885-15/s150x150/e15/11111383_637585509706147_31217084_n.jpg","None","None","None"
"303","indianfood","3","i_am_mzungu,hoosain17,lillyvagabonda73","0",,"https://instagram.com/p/07K9jCTHuM/","1000","1000","Hello Delhi! I'm back to the markets sourcing spices & work on an exciting project this year. Oh! And to eat my body weight in chaat ofcourse  #delhi #cookinacurrytravels #food #chaat #indianfood #indiancuisine #spices #markets #streetfood #ingers #ig_food #foodstagram #masala #india #delicious #curry #maunikagowardhan #indiankitchen #indianstreetfood","1427874629","cookinacurry","https://igcdn-photos-b-a.akamaihd.net/hphotos-ak-xaf1/t51.2885-19/10817919_1517082831880833_1803080194_a.jpg","Maunika Gowardhan","image","https://scontent.cdninstagram.com/hphotos-xaf1/t51.2885-15/s306x306/e15/11055519_470899223059748_1492155701_n.jpg","https://scontent.cdninstagram.com/hphotos-xaf1/t51.2885-15/e15/11055519_470899223059748_1492155701_n.jpg","https://scontent.cdninstagram.com/hphotos-xaf1/t51.2885-15/s150x150/e15/11055519_470899223059748_1492155701_n.jpg","None","None","None"
"304","indianfood","2","nela_alen,eattravelrock","0",,"https://instagram.com/p/07K80LH2hW/","100.500886678","13.764651003","Goat biryani, lamb kadai, tandoori chicken with pickled fruit, paratha and cucumber-tomato raita. #biryani #tandoori #indianfood #food #foodgasm #foodporn #foodpics #freshfoodz #foodstagram #instafood #EEEEEATS","1427874623","dimitri_willems","https://instagramimages-a.akamaihd.net/profiles/profile_838542009_75sq_1387705488.jpg","Wouter Willems","image","https://scontent.cdninstagram.com/hphotos-xaf1/t51.2885-15/s306x306/e15/11098420_396740060497433_1413720119_n.jpg","https://scontent.cdninstagram.com/hphotos-xaf1/t51.2885-15/e15/11098420_396740060497433_1413720119_n.jpg","https://scontent.cdninstagram.com/hphotos-xaf1/t51.2885-15/s150x150/e15/11098420_396740060497433_1413720119_n.jpg","None","None","None"
"305","indianfood","3","tamanal,patrickwatkinsj,christopher.james","0",,"https://instagram.com/p/07Kyn8Cl7a/","73.767780346","20.005047545","Chicken bhuna roll from Maroosh  is a perfect  evening and a late night snack. Roomli roti is freshly made and the chicken bhunna is really good has a lot of flavour. #eatupfatty #bombay #mumbai #mumbaifood #maroosh #chickenbhunaroll #chickenbhuna #roomaliroti #chickenbhuna #eveningsnack #quickbite #food #foodie #foods #foodporn #foodfood #foodshare #foodinsta #foodlovers #foodspotting #chicken #instafood #indianfood #instagood #muglaifood #rolls #tastesgood #score 8.5/10","1427874540","eatupfatty","https://igcdn-photos-g-a.akamaihd.net/hphotos-ak-xfa1/t51.2885-19/10948919_397138050459134_531063787_a.jpg","Hiren Kewlani","image","https://scontent.cdninstagram.com/hphotos-xap1/t51.2885-15/s306x306/e15/10809855_369683473215037_622862131_n.jpg","https://scontent.cdninstagram.com/hphotos-xap1/t51.2885-15/e15/10809855_369683473215037_622862131_n.jpg","https://scontent.cdninstagram.com/hphotos-xap1/t51.2885-15/s150x150/e15/10809855_369683473215037_622862131_n.jpg","None","None","None"
"306","indianfood","1","fr3einstafollowerz","0",,"https://instagram.com/p/07KtcbrqSD/","1000","1000","Platter time! #food #foodporn #indianfood","1427874498","talkativethoughts","https://igcdn-photos-e-a.akamaihd.net/hphotos-ak-xaf1/t51.2885-19/11084991_1576512085967012_754692061_a.jpg","Ashima","image","https://scontent.cdninstagram.com/hphotos-xfp1/t51.2885-15/s306x306/e15/10723963_572778892851022_1639840146_n.jpg","https://scontent.cdninstagram.com/hphotos-xfp1/t51.2885-15/e15/10723963_572778892851022_1639840146_n.jpg","https://scontent.cdninstagram.com/hphotos-xfp1/t51.2885-15/s150x150/e15/10723963_572778892851022_1639840146_n.jpg","None","None","None"
"307","indianfood","1","psychadelicsolace","0",,"https://instagram.com/p/07Kj35LITT/","116.126387153","6.032153009","mutton briyani special. today only at @ksanbascurryspecials #ksanba #indianfood #bryani #briyani #lamb #mutton","1427874419","sfazly","https://igcdn-photos-c-a.akamaihd.net/hphotos-ak-xfa1/t51.2885-19/10731820_1521205514808746_297081275_a.jpg","Syahirul Fazly","image","https://scontent.cdninstagram.com/hphotos-xfa1/t51.2885-15/s306x306/e15/11111276_361860687343850_892877399_n.jpg","https://scontent.cdninstagram.com/hphotos-xfa1/t51.2885-15/e15/11111276_361860687343850_892877399_n.jpg","https://scontent.cdninstagram.com/hphotos-xfa1/t51.2885-15/s150x150/e15/11111276_361860687343850_892877399_n.jpg","None","None","None"
"308","indianfood","7","adrianssweettooth,comprarfoie,darylbeaney,mkrdanchristie","0",,"https://instagram.com/p/07J7hSMCJb/","1000","1000","#roti#indianfood#firozian#cebu#cebucity#foodie#foodporn#foodtrip#foodlover#","1427874089","kkinzboice","https://instagramimages-a.akamaihd.net/profiles/profile_607938079_75sq_1385827635.jpg","Kkinz Boice","image","https://scontent.cdninstagram.com/hphotos-xpa1/t51.2885-15/s306x306/e15/1515260_463680970465441_232678219_n.jpg","https://scontent.cdninstagram.com/hphotos-xpa1/t51.2885-15/e15/1515260_463680970465441_232678219_n.jpg","https://scontent.cdninstagram.com/hphotos-xpa1/t51.2885-15/s150x150/e15/1515260_463680970465441_232678219_n.jpg","None","None","None"
"309","indianfood","3","indonesianlawakclub,rayndalism,streets.of.india","0",,"https://instagram.com/p/07J3_mgxQ1/","1000","1000","my lunch.. traditional banana leaf rice.. #bananaleafrice  #indianfood  #traditional #food #curry #sambal","1427874060","alongmasterchef","https://igcdn-photos-b-a.akamaihd.net/hphotos-ak-xfa1/t51.2885-19/10963886_1016308188397993_2134983597_a.jpg","all about food :)","image","https://scontent.cdninstagram.com/hphotos-xpa1/t51.2885-15/s306x306/e15/924424_794990487249537_558427177_n.jpg","https://scontent.cdninstagram.com/hphotos-xpa1/t51.2885-15/e15/924424_794990487249537_558427177_n.jpg","https://scontent.cdninstagram.com/hphotos-xpa1/t51.2885-15/s150x150/e15/924424_794990487249537_558427177_n.jpg","None","None","None"
"310","indianfood","6","noura_alhashemi,resocandpatricia,fanzbnatsabhan133,eating_with_me","0",,"https://instagram.com/p/07JwXQC-_a/","55.384295126","25.110922497","Have an appetite for #Indian cuisine? Drop by @ushnaabudhabi here at #SoukQAB. #qaryatalberi #soukqaryatalberi #abudhabi #abudhabifood #abudhabilife #myabudhabi #delicious #indianfood #instaabudhabi #inabudhabi","1427873997","thesoukqab","https://igcdn-photos-d-a.akamaihd.net/hphotos-ak-xfa1/t51.2885-19/10895282_403210163172107_1135040039_a.jpg","Souk Qaryat Al Beri","image","https://scontent.cdninstagram.com/hphotos-xaf1/t51.2885-15/s306x306/e15/11056023_1378016519191385_1044020921_n.jpg","https://scontent.cdninstagram.com/hphotos-xaf1/t51.2885-15/e15/11056023_1378016519191385_1044020921_n.jpg","https://scontent.cdninstagram.com/hphotos-xaf1/t51.2885-15/s150x150/e15/11056023_1378016519191385_1044020921_n.jpg","None","None","None"
"311","indianfood","3","dividingsuspending,ramu.ka.ka,brigidgazzo","0",,"https://instagram.com/p/07ImMnAeEk/","-117.682723149","33.645065969","The guy from pharmacy asked me if I was working tonight and this is why! Lol #breaktime #legit #indianfood #beatstobenice #yummy","1427873390","nicolebella10","https://igcdn-photos-f-a.akamaihd.net/hphotos-ak-xfa1/t51.2885-19/10522228_564038937030661_26437321_a.jpg",,"image","https://scontent.cdninstagram.com/hphotos-xfa1/t51.2885-15/s306x306/e15/11085023_954532944577753_938909027_n.jpg","https://scontent.cdninstagram.com/hphotos-xfa1/t51.2885-15/e15/11085023_954532944577753_938909027_n.jpg","https://scontent.cdninstagram.com/hphotos-xfa1/t51.2885-15/s150x150/e15/11085023_954532944577753_938909027_n.jpg","None","None","None"
"312","indianfood","12","allergianabroad,littlevegankitchen,fruithugger,laurapalmgren","0",,"https://instagram.com/p/07IcevE8YP/","1000","1000","Making dosa at home is too much time taking. When cooking is your hobby........... Then everything is acceptable, enjoy with me#dosa#favourite #foodmania ##flavourvolcano #delicious #foodtalkindia #foodie #foodlovers #homemade #fresh #eat #eatclean #vegan #veganfoodie #yummy #food #indianfood #indianfood #instafood #fresh #southindianfood #imade #taste #mealforameal #homecooking","1427873310","neetatarway","https://igcdn-photos-b-a.akamaihd.net/hphotos-ak-xaf1/t51.2885-19/11055793_563442783816617_705352079_a.jpg","neeta","image","https://scontent.cdninstagram.com/hphotos-xfa1/t51.2885-15/s306x306/e15/11098244_1621041351442744_1526707437_n.jpg","https://scontent.cdninstagram.com/hphotos-xfa1/t51.2885-15/e15/11098244_1621041351442744_1526707437_n.jpg","https://scontent.cdninstagram.com/hphotos-xfa1/t51.2885-15/s150x150/e15/11098244_1621041351442744_1526707437_n.jpg","None","None","None"
"313","indianfood","16","blackkiwee,allergianabroad,bthu90,memorymorsels","0",,"https://instagram.com/p/07IWUEjROd/","1000","1000","Start your day with a chilly dose at Garden Cafe
#gardencafe #Jaipur #cafediaries #chilli #food #indianfood #indianflavors #healthyfood #comfortfood #instaflavors #instagood #goodtimes #Foodie #foodlove #foodmorning #foodholic #foodstagram #foodgasm #foodporn #foodtalkindia #beautifuljaipur","1427873259","gardencafe_jaipur","https://igcdn-photos-d-a.akamaihd.net/hphotos-ak-xaf1/t51.2885-19/10914549_964866153541419_603285544_a.jpg","Garden Cafe","image","https://scontent.cdninstagram.com/hphotos-xaf1/t51.2885-15/s306x306/e15/10956768_985216534831237_2013156023_n.jpg","https://scontent.cdninstagram.com/hphotos-xaf1/t51.2885-15/e15/10956768_985216534831237_2013156023_n.jpg","https://scontent.cdninstagram.com/hphotos-xaf1/t51.2885-15/s150x150/e15/10956768_985216534831237_2013156023_n.jpg","None","None","None"
"314","indianfood","5","tanu_sri,barkhakalani,jairoazevedo,memorymorsels","0",,"https://instagram.com/p/07Gfz8iyi2/","1000","1000","#foodlove #life#flavorful #indianfood #rajmachaval #lunch #home#mom'slove

Happiness is mom's cooked rajma_chaval ....","1427872289","tanu_sri","https://igcdn-photos-h-a.akamaihd.net/hphotos-ak-xfa1/t51.2885-19/10948253_331444637061127_845781075_a.jpg","Tanu sri","image","https://scontent.cdninstagram.com/hphotos-xfa1/t51.2885-15/s306x306/e15/11055410_698899003555829_1714571810_n.jpg","https://scontent.cdninstagram.com/hphotos-xfa1/t51.2885-15/e15/11055410_698899003555829_1714571810_n.jpg","https://scontent.cdninstagram.com/hphotos-xfa1/t51.2885-15/s150x150/e15/11055410_698899003555829_1714571810_n.jpg","None","None","None"
"315","indianfood","10","rheadeb,mcousseau,ank890,4lot","1","Missing all of this! ","https://instagram.com/p/07GIRFIjUW/","1000","1000","Worth the wait! #gujaratithali #thali #indianfood #foodgasm #foodporn #livetoeat #foodlovers #instafood #instagramfood #gujrat #india #instaindia #instagramindia #igindia #igersindia #slurp #poori #jaljeera #mumbai #incredibleindia #traditionalfood #westindia","1427872096","swami89","https://instagramimages-a.akamaihd.net/profiles/profile_13332188_75sq_1392655439.jpg","Abhishek Krishna","image","https://scontent.cdninstagram.com/hphotos-xfa1/t51.2885-15/s306x306/e15/11094458_760321200702897_1308192327_n.jpg","https://scontent.cdninstagram.com/hphotos-xfa1/t51.2885-15/e15/11094458_760321200702897_1308192327_n.jpg","https://scontent.cdninstagram.com/hphotos-xfa1/t51.2885-15/s150x150/e15/11094458_760321200702897_1308192327_n.jpg","None","None","None"
"316","indianfood","3","priyasanil,ultramaly,petitlover","1","#homemade #homecooked#saagparantha #spinachparatha #indianfood #desi #cuisine #sydney #food #photo #ilovecooking #spinach","https://instagram.com/p/07FxPkAzx-/","1000","1000","[Saag Paratha]","1427871907","rubyrajesh","https://instagramimages-a.akamaihd.net/profiles/profile_30235206_75sq_1394694520.jpg","Ruby","image","https://scontent.cdninstagram.com/hphotos-xfa1/t51.2885-15/s306x306/e15/11017655_825468880862039_1807936762_n.jpg","https://scontent.cdninstagram.com/hphotos-xfa1/t51.2885-15/e15/11017655_825468880862039_1807936762_n.jpg","https://scontent.cdninstagram.com/hphotos-xfa1/t51.2885-15/s150x150/e15/11017655_825468880862039_1807936762_n.jpg","None","None","None"
"317","indianfood","4","tono.martinezcendejas.1,perlajamz,lulustacoshop,minifridgeblog","1","#NoFilter #InstaYum #Tasty #Delicious #GourmetExperience #Gourmet #CookingAtHome #IndianFood #IndianCuisine #MexicanCuisine #MexicanFood #FlavorsFromMexico #FlavorsFromIndia #Fusion #FusionCuisine #CreativeCuisine #IndoMexican #Potatoes #Curry #CurrySauce #Madras #MadrasCurrySauce #MadrasCurrySauce #Chilpotle #SmokedChilpotle #ChilpotlePepper #Spicy #SpicyHot #SpiceUpYourLife #WKND","https://instagram.com/p/07FpfEHY3E/","-103.3806982","20.6800317","Let's try Fusion-Cuisine... Potatoes in a Madras/Cashew Curry Sauce scented w/Smoked Chilpotle Pepper!!!","1427871844","groovybikerdanny","https://igcdn-photos-f-a.akamaihd.net/hphotos-ak-xfp1/t51.2885-19/1389893_298944703639037_66984570_a.jpg","Danny Giron","image","https://scontent.cdninstagram.com/hphotos-xfa1/t51.2885-15/s306x306/e15/11084987_350449981811531_2024592310_n.jpg","https://scontent.cdninstagram.com/hphotos-xfa1/t51.2885-15/e15/11084987_350449981811531_2024592310_n.jpg","https://scontent.cdninstagram.com/hphotos-xfa1/t51.2885-15/s150x150/e15/11084987_350449981811531_2024592310_n.jpg","None","None","None"
"318","indianfood","36","mameawf,luksooo,meansupakrit,thefirstttttttt","0",,"https://instagram.com/p/07FNxpoUiE/","1000","1000","But if we loved each other we would definitely find a way to be together in this busy world.. CR: Valerie #Indianfood #dinner #withfriends","1427871617","dearalice24","https://igcdn-photos-e-a.akamaihd.net/hphotos-ak-xfa1/t51.2885-19/11078870_1595185974062332_452055803_a.jpg","Deal Dear","image","https://scontent.cdninstagram.com/hphotos-xaf1/t51.2885-15/s306x306/e15/11116873_1536024813303774_72314596_n.jpg","https://scontent.cdninstagram.com/hphotos-xaf1/t51.2885-15/e15/11116873_1536024813303774_72314596_n.jpg","https://scontent.cdninstagram.com/hphotos-xaf1/t51.2885-15/s150x150/e15/11116873_1536024813303774_72314596_n.jpg","None","None","None"
"319","indianfood","9","rohitpixel,chaddhtims,beaux_beaux_,i_am_camera_monster","2","#India #visitindia #incredibleindia #kochi #Kerala #malabarjunction #Asia #travel #travelguide #lunch #foodie #food #cooking #indianfood #thali #vegetarian #yum~|Yum","https://instagram.com/p/07EcXssmXS/","1000","1000","In addition to suggestions for where to visit, Stephen Scourfield's India Guide has a bit of a foodie focus, including a look at the complexities of regional cuisine and a cooking class in Kerala. Read more at thewest.com.au (link in profile). The delicious creation pictured is a vegetarian thali at Malabar Junction in Kochi.","1427871212","thewesttravel","https://igcdn-photos-g-a.akamaihd.net/hphotos-ak-xpa1/t51.2885-19/924754_872315709456062_1781551909_a.jpg","Travel in The West Australian","image","https://scontent.cdninstagram.com/hphotos-xaf1/t51.2885-15/s306x306/e15/10554196_631806033616981_1604674021_n.jpg","https://scontent.cdninstagram.com/hphotos-xaf1/t51.2885-15/e15/10554196_631806033616981_1604674021_n.jpg","https://scontent.cdninstagram.com/hphotos-xaf1/t51.2885-15/s150x150/e15/10554196_631806033616981_1604674021_n.jpg","None","None","None"
"320","indianfood","23","dinajbornq018,quitting_statusx,apen_matkat,i_am_camera_monster","0",,"https://instagram.com/p/07DpJ8sKW1/","72.871226572","19.103688365","Plain dosa! It's so good that I had two can anyone tell me what's that chutney in yellow? It tastes so good too!  #mygreenkitchenette #vegetarian #vegetarianfood #instafood #yum #india #mumbai #hyattregencymumbai #dosa #chutney #coconut #sambal #sogood #indianfood #explore #travel #instatravel #journey #worldcitizen #MeatFreeMonday #FollowMe #vegetarianofinstagram #foodphotography #PlantBased","1427870792","mygreenkitchenette","https://igcdn-photos-b-a.akamaihd.net/hphotos-ak-xfa1/t51.2885-19/10616958_848042751893073_1905814191_a.jpg","my green kitchenette ","image","https://scontent.cdninstagram.com/hphotos-xaf1/t51.2885-15/s306x306/e15/11055937_1374273292901972_922383490_n.jpg","https://scontent.cdninstagram.com/hphotos-xaf1/t51.2885-15/e15/11055937_1374273292901972_922383490_n.jpg","https://scontent.cdninstagram.com/hphotos-xaf1/t51.2885-15/s150x150/e15/11055937_1374273292901972_922383490_n.jpg","None","None","None"
"321","indianfood","3","fairus360,lianfu_here,nurainijene","0",,"https://instagram.com/p/07CzHGrHmG/","1000","1000","Butter chicken
#indianfood
At chai chee 750e","1427870350","ongchoryew","https://instagramimages-a.akamaihd.net/profiles/profile_295567845_75sq_1369488898.jpg","Ong Chor Yew","image","https://scontent.cdninstagram.com/hphotos-xaf1/t51.2885-15/s306x306/e15/11055918_1582000198684097_1865444962_n.jpg","https://scontent.cdninstagram.com/hphotos-xaf1/t51.2885-15/e15/11055918_1582000198684097_1865444962_n.jpg","https://scontent.cdninstagram.com/hphotos-xaf1/t51.2885-15/s150x150/e15/11055918_1582000198684097_1865444962_n.jpg","None","None","None"
"322","indianfood","24","rashid_alzaabi91,foodpauer,fkreamy,dianales_","1","Amazing photos","https://instagram.com/p/07CxGrx01n/","1000","1000","#motimahal #businessbay #executivetowers T 043695000 #dubai #uae #india #uk #bahrain #suadiarabia #suadi #sharjah #indian #indubai #instafood #indianfood #instadubai #instaindia #instaphotos #instaabudhabi #etihad #emirates #emiratescrew #yummy #foodie #gcc #gulfair #greatdubai","1427870333","jjo219","https://igcdn-photos-b-a.akamaihd.net/hphotos-ak-xaf1/t51.2885-19/10817590_325761667625465_1799801845_a.jpg","Joe Josiph","image","https://scontent.cdninstagram.com/hphotos-xaf1/t51.2885-15/s306x306/e15/11111383_637585509706147_31217084_n.jpg","https://scontent.cdninstagram.com/hphotos-xaf1/t51.2885-15/e15/11111383_637585509706147_31217084_n.jpg","https://scontent.cdninstagram.com/hphotos-xaf1/t51.2885-15/s150x150/e15/11111383_637585509706147_31217084_n.jpg","None","None","None"
"323","italianfood","0",,"0",,"https://instagram.com/p/07LzfMiOEq/","1000","1000","#dessert du jour #Cannoli #Siciliani #foodporn #nice06 #instafood #italianfood #italia #dolci","1427875071","amicislv","https://igcdn-photos-e-a.akamaihd.net/hphotos-ak-xfa1/t51.2885-19/10895243_1521256244823900_2061100088_a.jpg","Amici Slv","image","https://scontent.cdninstagram.com/hphotos-xaf1/t51.2885-15/s306x306/e15/11123880_816886068405178_1150329606_n.jpg","https://scontent.cdninstagram.com/hphotos-xaf1/t51.2885-15/e15/11123880_816886068405178_1150329606_n.jpg","https://scontent.cdninstagram.com/hphotos-xaf1/t51.2885-15/s150x150/e15/11123880_816886068405178_1150329606_n.jpg","None","None","None"
"324","italianfood","0",,"0",,"https://instagram.com/p/07LzC6rz-o/","1000","1000","Fusilli#fum#conamore#italianfood#instafood","1427875068","manuela878787","https://igcdn-photos-b-a.akamaihd.net/hphotos-ak-xaf1/t51.2885-19/11055960_1580843382132825_681219518_a.jpg","Manuela Rasponi","image","https://scontent.cdninstagram.com/hphotos-xaf1/t51.2885-15/s306x306/e15/11111265_565061263622775_1413259407_n.jpg","https://scontent.cdninstagram.com/hphotos-xaf1/t51.2885-15/e15/11111265_565061263622775_1413259407_n.jpg","https://scontent.cdninstagram.com/hphotos-xaf1/t51.2885-15/s150x150/e15/11111265_565061263622775_1413259407_n.jpg","None","None","None"
"325","italianfood","12","tejsadi,beththomascohen,mimuofficial,restlessrenegade","0",,"https://instagram.com/p/07LfLEtB4z/","10.941732377","44.627911141","Uno dei tanti corsi di ALSAVOR #wedding #eating #emiliaromagna #yummy #italy #instafood #instagood #instamoment #italianfood #instagramers #pane #pizza #alsavor #dinner #food #foodie #foodart #followme #foodpics #foodporn #foodblogger #Modena #mirkopinna #lunch #love #catering","1427874905","alsavor","https://instagramimages-a.akamaihd.net/profiles/profile_644413334_75sq_1383496267.jpg",,"image","https://scontent.cdninstagram.com/hphotos-xaf1/t51.2885-15/s306x306/e15/11049411_1591118974435884_752671230_n.jpg","https://scontent.cdninstagram.com/hphotos-xaf1/t51.2885-15/e15/11049411_1591118974435884_752671230_n.jpg","https://scontent.cdninstagram.com/hphotos-xaf1/t51.2885-15/s150x150/e15/11049411_1591118974435884_752671230_n.jpg","None","None","None"
"326","italianfood","3","dasandropaninibar,tomlondonmagic,bwbagels","0",,"https://instagram.com/p/07Lcm-nevP/","104.923158352","11.555318809","We always love it when our guests share the pictures of their (beloved) Sandro panini with us! Sharing is caring :) #party #panini #panino #paninibar #phnompenh #paninoteca #paninoitaliano #italy #italia #instafood #instalove #italianfood #italiancuisine #cambodia #asia #style #sandwich #sandwiches #southeastasia","1427874884","dasandropaninibar","https://igcdn-photos-e-a.akamaihd.net/hphotos-ak-xfp1/t51.2885-19/10727515_316563801860996_1030478044_a.jpg","Da sandro Panini bar","image","https://scontent.cdninstagram.com/hphotos-xpa1/t51.2885-15/s306x306/e15/928351_1596484183899364_628064182_n.jpg","https://scontent.cdninstagram.com/hphotos-xpa1/t51.2885-15/e15/928351_1596484183899364_628064182_n.jpg","https://scontent.cdninstagram.com/hphotos-xpa1/t51.2885-15/s150x150/e15/928351_1596484183899364_628064182_n.jpg","None","None","None"
"327","italianfood","9","tjarget,oosalamancaoo,clarybnm,sorayaandthecity","0",,"https://instagram.com/p/07LMajDII0/","7.667690134","43.867310173","#buongiorno! #espresso #caffe #jokuti_italy #perinaldo #riviera #italia #twitter #scenic #view #coffee #italianfood #mutimitiszol #kave","1427874751","jokuti","https://igcdn-photos-e-a.akamaihd.net/hphotos-ak-xap1/t51.2885-19/10787884_336301323245084_1235560990_a.jpg","Andras Jokuti","image","https://scontent.cdninstagram.com/hphotos-xfa1/t51.2885-15/s306x306/e15/11123822_448932081923619_478700149_n.jpg","https://scontent.cdninstagram.com/hphotos-xfa1/t51.2885-15/e15/11123822_448932081923619_478700149_n.jpg","https://scontent.cdninstagram.com/hphotos-xfa1/t51.2885-15/s150x150/e15/11123822_448932081923619_478700149_n.jpg","None","None","None"
"328","italianfood","2","sondratushoski5836,mindyxosammy","0",,"https://instagram.com/p/07LELHrz94/","1000","1000","Strozzapreti#salmone#semidipapavero#italianfood#instafood","1427874684","manuela878787","https://igcdn-photos-b-a.akamaihd.net/hphotos-ak-xaf1/t51.2885-19/11055960_1580843382132825_681219518_a.jpg","Manuela Rasponi","image","https://scontent.cdninstagram.com/hphotos-xaf1/t51.2885-15/s306x306/e15/11111355_1577126465859086_1661084564_n.jpg","https://scontent.cdninstagram.com/hphotos-xaf1/t51.2885-15/e15/11111355_1577126465859086_1661084564_n.jpg","https://scontent.cdninstagram.com/hphotos-xaf1/t51.2885-15/s150x150/e15/11111355_1577126465859086_1661084564_n.jpg","None","None","None"
"329","italianfood","0",,"0",,"https://instagram.com/p/07K5DDlw99/","145.747889455","15.222833459","New beer!!! Moretti! Touch to Italy in La Trattoria #saipan #saipanlife #saipanrestaurant #saipanfood #latrattoria #latrattoriasaipan #italianfood #italianfoodsaipan #chamorro #chamorrofood #chamorrita #chamorrostyle","1427874593","la_trattoria_saipan","https://igcdn-photos-c-a.akamaihd.net/hphotos-ak-xaf1/t51.2885-19/11084659_1432849120346410_1500750828_a.jpg","La_Trattoria_Saipan","image","https://scontent.cdninstagram.com/hphotos-xfa1/t51.2885-15/s306x306/e15/11123756_1560241584257997_526455801_n.jpg","https://scontent.cdninstagram.com/hphotos-xfa1/t51.2885-15/e15/11123756_1560241584257997_526455801_n.jpg","https://scontent.cdninstagram.com/hphotos-xfa1/t51.2885-15/s150x150/e15/11123756_1560241584257997_526455801_n.jpg","None","None","None"
"330","italianfood","8","instajiujiu,muoifishu,nela_alen,martineoletalien","0",,"https://instagram.com/p/07K1y0AMVe/","55.153152833","25.079152833","Making pastiera, the Easter dessert from Naples, with @fattoincasadubai ... #Italianfood #homecooking #traditionalItaliancuisine #foodporn #comfortfood #cookingfromscratch #sweet #cake #baking #fresh","1427874566","francesca_verrucci","https://igcdn-photos-e-a.akamaihd.net/hphotos-ak-xfa1/t51.2885-19/10735186_798783503515836_496887147_a.jpg","Francesca Verrucci","image","https://scontent.cdninstagram.com/hphotos-xaf1/t51.2885-15/s306x306/e15/11095587_1624495987770834_1468627067_n.jpg","https://scontent.cdninstagram.com/hphotos-xaf1/t51.2885-15/e15/11095587_1624495987770834_1468627067_n.jpg","https://scontent.cdninstagram.com/hphotos-xaf1/t51.2885-15/s150x150/e15/11095587_1624495987770834_1468627067_n.jpg","None","None","None"
"331","italianfood","3","kunnadi_harianto,nieuwclothing,shopatbowtique","1","#italianfood#italianresto#bali#pizza#beer#spagetti#yummy#eat#lunch#dinner#join#come#opening#softopening#sunsetroad#papagianni#testfood","https://instagram.com/p/07KfcmAeWj/","1000","1000","Yeayy PapaGianni soft opening...come n join guys,Dijamin endesss  Deve cercare finger food e soft drink GODERE","1427874383","luseannazhu","https://igcdn-photos-b-a.akamaihd.net/hphotos-ak-xap1/t51.2885-19/10375602_647307688691793_728770344_a.jpg","peace love N Stay Cool","image","https://scontent.cdninstagram.com/hphotos-xaf1/t51.2885-15/s306x306/e15/11098467_489836434503862_1057864203_n.jpg","https://scontent.cdninstagram.com/hphotos-xaf1/t51.2885-15/e15/11098467_489836434503862_1057864203_n.jpg","https://scontent.cdninstagram.com/hphotos-xaf1/t51.2885-15/s150x150/e15/11098467_489836434503862_1057864203_n.jpg","None","None","None"
"332","italianfood","14","meetjsiena,bbodie50,mehran_ebrahimi,chercqnorma","0",,"https://instagram.com/p/07KArMrOgM/","9.165658333","45.502758333","#tuborg#pizza#friends#art#love#tuesday#botles#green#seven#beer#italianfood#drink#good#happy","1427874131","valeaurr","https://igcdn-photos-d-a.akamaihd.net/hphotos-ak-xaf1/t51.2885-19/10890945_841530572577683_1464765438_a.jpg","Valeria Aurr Mantovani","image","https://scontent.cdninstagram.com/hphotos-xaf1/t51.2885-15/s306x306/e15/11055498_389213921263249_1966599071_n.jpg","https://scontent.cdninstagram.com/hphotos-xaf1/t51.2885-15/e15/11055498_389213921263249_1966599071_n.jpg","https://scontent.cdninstagram.com/hphotos-xaf1/t51.2885-15/s150x150/e15/11055498_389213921263249_1966599071_n.jpg","None","None","None"
"333","italianfood","12","magictonizd,comidademama,melissa_ridolfi,mkrdanchristie","1",,"https://instagram.com/p/07J81PCg3-/","13.810154638","42.741694868","Buongiorno alla cannella... #tortadellerose #cannella #cinnamon #italy #italia #instafood #instatime #instabruzzo #instateramo #italianfood #food #foodie #Abruzzo #breakfast #good #caff #coffee #colazione","1427874099","barbyceci","https://instagramimages-a.akamaihd.net/profiles/profile_305642_75sq_1378739600.jpg","Barbara","image","https://scontent.cdninstagram.com/hphotos-xaf1/t51.2885-15/s306x306/e15/11055567_1063365477010841_1482196813_n.jpg","https://scontent.cdninstagram.com/hphotos-xaf1/t51.2885-15/e15/11055567_1063365477010841_1482196813_n.jpg","https://scontent.cdninstagram.com/hphotos-xaf1/t51.2885-15/s150x150/e15/11055567_1063365477010841_1482196813_n.jpg","None","None","None"
"334","italianfood","3","mammamia,fionafleda,filippothehig","0",,"https://instagram.com/p/07Jzy_RQso/","1000","1000","So this was dinner last night - hubby 're-creating our Roman meat board with truffle honey and cheese! #yummy #mecookmeeat #meats #Italianfood #Italy #Rome #takemeback #trufflehoney #takemeback","1427874025","mrsdeadon","https://igcdn-photos-e-a.akamaihd.net/hphotos-ak-xfa1/t51.2885-19/1941220_786269898102476_1385179900_a.jpg","Diane Eadon","image","https://scontent.cdninstagram.com/hphotos-xaf1/t51.2885-15/s306x306/e15/11117175_945572382150064_137785917_n.jpg","https://scontent.cdninstagram.com/hphotos-xaf1/t51.2885-15/e15/11117175_945572382150064_137785917_n.jpg","https://scontent.cdninstagram.com/hphotos-xaf1/t51.2885-15/s150x150/e15/11117175_945572382150064_137785917_n.jpg","None","None","None"
"335","italianfood","17","lawannacnitzschke,kidshoppe,ryley_fitchick,bea_lstng","0",,"https://instagram.com/p/07JuFnFzMD/","12.529894934","41.910293497","#Repost @mauriziocamerini with @repostapp.Prosciutto e ricotta ovina salata  Prepariamo e assaggiamo  #buongiorno #colazione #power #protein #kristalbar #bar #roma #rome #stazionetiburtina #italia #italy #italianfood #foodporn #gastronomia #foodstreet #cibodastrada #instafood #iphone6 #cucinaromana","1427873979","kristal_bar","https://igcdn-photos-e-a.akamaihd.net/hphotos-ak-xfa1/t51.2885-19/11008115_410576942434740_471325455_a.jpg","Kristal Bar","image","https://scontent.cdninstagram.com/hphotos-xaf1/t51.2885-15/s306x306/e15/11111478_375198365999684_1946270580_n.jpg","https://scontent.cdninstagram.com/hphotos-xaf1/t51.2885-15/e15/11111478_375198365999684_1946270580_n.jpg","https://scontent.cdninstagram.com/hphotos-xaf1/t51.2885-15/s150x150/e15/11111478_375198365999684_1946270580_n.jpg","None","None","None"
"336","italianfood","6","harysjerry,mammamia,wishfulconcepts,orangetheorymv","0",,"https://instagram.com/p/07Jsmzl_x5/","-117.912592821","33.831218051","I want to eat these right now....at midnight! From last night's #cookingclass, ""Ravioli at Home"" made from scratch and filled w/ swiss chard & #ricotta #cheese then covered w/ lemon #buttersauce (& sprinkled w/ lots of #parmigianoreggiano) . #ItalianFood #chef #chefslife #SurLaTable #southcoastplaza #orangecounty","1427873966","chefcancio","https://instagramimages-a.akamaihd.net/profiles/profile_373821534_75sq_1368295514.jpg","Kristine May Cancio","image","https://scontent.cdninstagram.com/hphotos-xaf1/t51.2885-15/s306x306/e15/11123775_475499569270819_357283883_n.jpg","https://scontent.cdninstagram.com/hphotos-xaf1/t51.2885-15/e15/11123775_475499569270819_357283883_n.jpg","https://scontent.cdninstagram.com/hphotos-xaf1/t51.2885-15/s150x150/e15/11123775_475499569270819_357283883_n.jpg","None","None","None"
"337","italianfood","23","ilpandizenzero,fabionazzari,dolceileana,ono_chia","0",,"https://instagram.com/p/07Jp1-GbKW/","12.389096869","43.098289752","Repost from @dolceileana 
#goodmorning #dolce #cioccolato #golosit #foodblogger #foodshare #foodporn #ricetteperpassione #chocolate #patisserie #onthetable #homemade #delizie #chocolaterie #italianfood #_dolcivisioni_ #dolciinforno #dolceitaliano #dolcitentazioni #yum #pasticceria #passioneincucina #yummy #coffeetime #latteecaff #angolodelledolcezze #mangiaresano #fotografi_amo ","1427873944","dolcezzeincucina","https://igcdn-photos-h-a.akamaihd.net/hphotos-ak-xaf1/t51.2885-19/11032936_435931793249375_1288599595_a.jpg",,"image","https://scontent.cdninstagram.com/hphotos-xaf1/t51.2885-15/s306x306/e15/11049411_1596290037282689_1527261895_n.jpg","https://scontent.cdninstagram.com/hphotos-xaf1/t51.2885-15/e15/11049411_1596290037282689_1527261895_n.jpg","https://scontent.cdninstagram.com/hphotos-xaf1/t51.2885-15/s150x150/e15/11049411_1596290037282689_1527261895_n.jpg","None","None","None"
"338","italianfood","14","choi_sssssg,ssjoooo,aimeeful,ioiiioooiiioi","0",,"https://instagram.com/p/07JhrXoBDj/","-122.408111667","37.798896667","Love #italianfood #italianrestaurant 
# ##sanfrancisco #food","1427873877","kyunghaa","https://igcdn-photos-f-a.akamaihd.net/hphotos-ak-xaf1/t51.2885-19/10903696_833781596663005_1631112033_a.jpg","Kyungha Chloe Park","image","https://scontent.cdninstagram.com/hphotos-xaf1/t51.2885-15/s306x306/e15/11092987_1567854273503873_743661212_n.jpg","https://scontent.cdninstagram.com/hphotos-xaf1/t51.2885-15/e15/11092987_1567854273503873_743661212_n.jpg","https://scontent.cdninstagram.com/hphotos-xaf1/t51.2885-15/s150x150/e15/11092987_1567854273503873_743661212_n.jpg","None","None","None"
"339","italianfood","21","balate,mcousseau,serendipityyyy6,giuseppemorrone","1","Love it!","https://instagram.com/p/07JalimT6W/","12.529894934","41.910293497","Prosciutto e ricotta ovina salata  Prepariamo e assaggiamo  #buongiorno #colazione #power #protein #kristalbar #bar #roma #rome #stazionetiburtina #italia #italy #italianfood #foodporn #gastronomia #foodstreet #cibodastrada #instafood #iphone6 #cucinaromana","1427873819","mauriziocamerini","https://igcdn-photos-d-a.akamaihd.net/hphotos-ak-xaf1/t51.2885-19/10895422_325793550961019_767695939_a.jpg",,"image","https://scontent.cdninstagram.com/hphotos-xaf1/t51.2885-15/s306x306/e15/11111248_1412369812411795_1985011877_n.jpg","https://scontent.cdninstagram.com/hphotos-xaf1/t51.2885-15/e15/11111248_1412369812411795_1985011877_n.jpg","https://scontent.cdninstagram.com/hphotos-xaf1/t51.2885-15/s150x150/e15/11111248_1412369812411795_1985011877_n.jpg","None","None","None"
"340","italianfood","9","iphone_6_plus_photography,metheinvisible,deliziosa_delizia,mcousseau","1","#instafood #food #chef #iphone #igerscatania #instacatania #catania #masterchef #sicilia #mediterraneo #cucinasiciliana #delizia #giallozafferano #piatto #cuoco #cucinarechepassione #homemade #italianfood #cucinaitaliana #followm","https://instagram.com/p/07JQ0kJneA/","1000","1000","#oggi #granita #fatta #in #casa #gusto #limone #cucinacasalinga #viversani #cibochepassione #foodlover #foodporn #attentialcibo #amazing #instagood #TagsForLikes #foods #foodpic #foodpics #eat #hungry #yummy #light #delish #blog #ricetta #yum #hot","1427873739","incucinacon_luca","https://igcdn-photos-d-a.akamaihd.net/hphotos-ak-xpa1/t51.2885-19/10735184_1552237541675131_122020114_a.jpg","Luca Chef From Sicily","image","https://scontent.cdninstagram.com/hphotos-xaf1/t51.2885-15/s306x306/e15/11085055_860305530708498_1532168464_n.jpg","https://scontent.cdninstagram.com/hphotos-xaf1/t51.2885-15/e15/11085055_860305530708498_1532168464_n.jpg","https://scontent.cdninstagram.com/hphotos-xaf1/t51.2885-15/s150x150/e15/11085055_860305530708498_1532168464_n.jpg","None","None","None"
"341","italianfood","16","pilurestaurant,katrinatrinh,podernuovo,citybeachblonde","0",,"https://instagram.com/p/07JPOTD-HR/","151.283646415","-33.773569343","We are so thrilled to bring you 'A Sardinian inspired Easter feast' thanks to award winning chef Giovanni Pilu of @pilurestaurant for the full story and recipes visit www.anaffairwithitaly.com #giovannipilu #piluatfreshwater #easter #recipes #feast #familytime #italianfood photo: @julieadamsphotographer","1427873726","anaffairwithitaly","https://igcdn-photos-c-a.akamaihd.net/hphotos-ak-xfa1/t51.2885-19/10388026_719325268132282_1267265373_a.jpg","Emma Scott & Julie Adams","image","https://scontent.cdninstagram.com/hphotos-xaf1/t51.2885-15/s306x306/e15/11092995_378628915658381_907234725_n.jpg","https://scontent.cdninstagram.com/hphotos-xaf1/t51.2885-15/e15/11092995_378628915658381_907234725_n.jpg","https://scontent.cdninstagram.com/hphotos-xaf1/t51.2885-15/s150x150/e15/11092995_378628915658381_907234725_n.jpg","None","None","None"
"342","italianfood","4","marcothe1morigi,mammamia,margeryziduke,ilbelloeilbuono","0",,"https://instagram.com/p/07JN_orz8Y/","1000","1000","Tortino#ciocopere#italianfood#instafood","1427873716","manuela878787","https://igcdn-photos-b-a.akamaihd.net/hphotos-ak-xaf1/t51.2885-19/11055960_1580843382132825_681219518_a.jpg","Manuela Rasponi","image","https://scontent.cdninstagram.com/hphotos-xaf1/t51.2885-15/s306x306/e15/11084841_1629732250588822_2072003930_n.jpg","https://scontent.cdninstagram.com/hphotos-xaf1/t51.2885-15/e15/11084841_1629732250588822_2072003930_n.jpg","https://scontent.cdninstagram.com/hphotos-xaf1/t51.2885-15/s150x150/e15/11084841_1629732250588822_2072003930_n.jpg","None","None","None"
"343","cheese","2","ketogenicallday,boxingcorner","0",,"https://instagram.com/p/073nYgzWsm/","1000","1000","Dinner was ground beef mince with egg whites, curd, cow cheese, yellow cheese and tomato  so much protein  Tomorrow-> abs day  #anorexia #edsoldiers #recovery #dinner #groundbeef #mince #cheese #yellowcheese #cowcheese #tomato #eggwhites #protein #behappy #bestrong #boxing #trainhard #trainmean #tomorrow #absday #cardio #today #loveit #lovegym #eatfit #eatclean #fitspo #fitfood","1427898041","newlivenewme","https://igcdn-photos-a-a.akamaihd.net/hphotos-ak-xfa1/t51.2885-19/11085158_1571155666457704_1825626962_a.jpg","Recovery from Anorexia","image","https://scontent.cdninstagram.com/hphotos-xap1/t51.2885-15/s306x306/e15/10570071_800857579999319_1964314825_n.jpg","https://scontent.cdninstagram.com/hphotos-xap1/t51.2885-15/e15/10570071_800857579999319_1964314825_n.jpg","https://scontent.cdninstagram.com/hphotos-xap1/t51.2885-15/s150x150/e15/10570071_800857579999319_1964314825_n.jpg","None","None","None"
"344","cheese","1","monkehsy","1","Woohoo ","https://instagram.com/p/073kzqtRZu/","1000","1000","While, cheesy goodness is in mutliple of four!  #cheese #eighteenchefs","1427898020","minghuiii","https://instagramimages-a.akamaihd.net/profiles/anonymousUser.jpg","Ming Hui","image","https://scontent.cdninstagram.com/hphotos-xaf1/t51.2885-15/s306x306/e15/11098663_857960197576313_1601392195_n.jpg","https://scontent.cdninstagram.com/hphotos-xaf1/t51.2885-15/e15/11098663_857960197576313_1601392195_n.jpg","https://scontent.cdninstagram.com/hphotos-xaf1/t51.2885-15/s150x150/e15/11098663_857960197576313_1601392195_n.jpg","None","None","None"
"345","cheese","0",,"0",,"https://instagram.com/p/073kYemAoC/","1000","1000","Dinner for one  #foodishappiness #omelette #bacon #cheese #somuchcheese","1427898016","gembrown92","https://igcdn-photos-e-a.akamaihd.net/hphotos-ak-xap1/t51.2885-19/1516431_658752184230300_1077660370_a.jpg",,"image","https://scontent.cdninstagram.com/hphotos-xfa1/t51.2885-15/s306x306/e15/11117093_1374712756190876_1162209004_n.jpg","https://scontent.cdninstagram.com/hphotos-xfa1/t51.2885-15/e15/11117093_1374712756190876_1162209004_n.jpg","https://scontent.cdninstagram.com/hphotos-xfa1/t51.2885-15/s150x150/e15/11117093_1374712756190876_1162209004_n.jpg","None","None","None"
"346","cheese","3","colemanbenton,underclassbarbiie,_mar_kowska_","0",,"https://instagram.com/p/073j99HP0a/","1000","1000","
Girls-only gathering
#lunch#gullet#soup#salad#chicken#tomato#cheese#egg#buckwheatflour#delicious#yummy#full#good#enjoy#girls#instafood#instagood#instayummy#instapic#umeda#Japan#f4f#l4l","1427898013","aw_mayu","https://igcdn-photos-e-a.akamaihd.net/hphotos-ak-xfa1/t51.2885-19/10979720_442618375907004_512871666_a.jpg","Mayu Uchida","image","https://scontent.cdninstagram.com/hphotos-xaf1/t51.2885-15/s306x306/e15/11093104_1454101894881105_263108476_n.jpg","https://scontent.cdninstagram.com/hphotos-xaf1/t51.2885-15/e15/11093104_1454101894881105_263108476_n.jpg","https://scontent.cdninstagram.com/hphotos-xaf1/t51.2885-15/s150x150/e15/11093104_1454101894881105_263108476_n.jpg","None","None","None"
"347","cheese","0",,"0",,"https://instagram.com/p/073hSmBMXw/","1000","1000","Muaaaaaa!!!
#chabichou #locosporelqueso #cheese #eroticcheese #selecciongastronomica #love","1427897991","marioromero33","https://igcdn-photos-c-a.akamaihd.net/hphotos-ak-xaf1/t51.2885-19/10979547_1566924873591362_1787408217_a.jpg","Mario Romero","image","https://scontent.cdninstagram.com/hphotos-xfa1/t51.2885-15/s306x306/e15/11078846_350930501778187_1870902776_n.jpg","https://scontent.cdninstagram.com/hphotos-xfa1/t51.2885-15/e15/11078846_350930501778187_1870902776_n.jpg","https://scontent.cdninstagram.com/hphotos-xfa1/t51.2885-15/s150x150/e15/11078846_350930501778187_1870902776_n.jpg","None","None","None"
"348","cheese","1","ms_bethanyhope","0",,"https://instagram.com/p/073cbzg69B/","1000","1000","Shipping Worldwide For more info, please contact  Whatsapp: +8615706823096 Wechat:liru226ci  #diner#chiangmai#girl#am#afterlight#jordandepot#airjordan#aussie#blacklab#doggie#better#elvis#goodvibes#awake#ink#drawings#instavsco#justsaying#ben#beautifulgirl#brotherhood#doubletrouble#grass#cheese#bicycle#catsagram#bathroom#chain#bullterrier#charlie","1427897951","qijiyxjhc","https://igcdn-photos-h-a.akamaihd.net/hphotos-ak-xaf1/t51.2885-19/11049189_337694773089631_1227067144_a.jpg",,"image","https://scontent.cdninstagram.com/hphotos-xfa1/t51.2885-15/s306x306/e15/11049320_381851088669598_824509676_n.jpg","https://scontent.cdninstagram.com/hphotos-xfa1/t51.2885-15/e15/11049320_381851088669598_824509676_n.jpg","https://scontent.cdninstagram.com/hphotos-xfa1/t51.2885-15/s150x150/e15/11049320_381851088669598_824509676_n.jpg","None","None","None"
"349","cheese","2","prettyinpistachio,healthysexycouple","0",,"https://instagram.com/p/073Y_vwJDh/","1000","1000","My delicious breakfast! #eggs #hashedbrowns #potatoes #eggbeaters #garlic #whitepepper #onion #colbyjack #cheese #melty #flatoutflatbread #spinachflatout #spinach #yummy #delicious #filling #cheesygoodness #cowcheese #breakfast","1427897923","healthierme1995","https://igcdn-photos-h-a.akamaihd.net/hphotos-ak-xaf1/t51.2885-19/10948924_1010168378997615_2022761220_a.jpg",,"image","https://scontent.cdninstagram.com/hphotos-xaf1/t51.2885-15/s306x306/e15/11055907_789572861120699_2031862595_n.jpg","https://scontent.cdninstagram.com/hphotos-xaf1/t51.2885-15/e15/11055907_789572861120699_2031862595_n.jpg","https://scontent.cdninstagram.com/hphotos-xaf1/t51.2885-15/s150x150/e15/11055907_789572861120699_2031862595_n.jpg","None","None","None"
"350","cheese","2","pop.up.now,yogitrey","0",,"https://instagram.com/p/073X8Uu-zp/","-0.208168991","51.529715262","cheeze platter for tonight's Pizza Supper Club.

mozzarella  mushroom miso cashew ball  smoked ricotta

next pizza pop up here:

http://www.eatwith.com/offering/7475-Italian-Pizza-Night/

#vegan #veganfood #veganfoodporn #veganfoodshare #whatveganseat #plantbased #plantstrong #homemade #popup #supperclub #pizza #veganpizza #cheese #cheesemaking #vegancheese #cheeze #vegansofig","1427897914","pomodoro_e_basilico","https://igcdn-photos-g-a.akamaihd.net/hphotos-ak-xfa1/t51.2885-19/10919468_331385633723862_2128336879_a.jpg","PomodoroBasilicoLondon","image","https://scontent.cdninstagram.com/hphotos-xaf1/t51.2885-15/s306x306/e15/11111382_782728755182966_1042435694_n.jpg","https://scontent.cdninstagram.com/hphotos-xaf1/t51.2885-15/e15/11111382_782728755182966_1042435694_n.jpg","https://scontent.cdninstagram.com/hphotos-xaf1/t51.2885-15/s150x150/e15/11111382_782728755182966_1042435694_n.jpg","None","None","None"
"351","cheese","2","starshine444,chiara_diederich","0",,"https://instagram.com/p/073X5FqRHM/","35.402429689","33.556598081","#sweet #arabic#cheese#lebanon #spring #saida #nice #good #cool #organic #photo #photocollage #photograph #view #instababa #instagood #instagram #instaview #instalebanon #color #green #white #love #lover #lovely","1427897914","ambaba68","https://instagramimages-a.akamaihd.net/profiles/profile_290487627_75sq_1390076680.jpg","Ahmad baba","image","https://scontent.cdninstagram.com/hphotos-xaf1/t51.2885-15/s306x306/e15/11055936_421878414659613_1052638013_n.jpg","https://scontent.cdninstagram.com/hphotos-xaf1/t51.2885-15/e15/11055936_421878414659613_1052638013_n.jpg","https://scontent.cdninstagram.com/hphotos-xaf1/t51.2885-15/s150x150/e15/11055936_421878414659613_1052638013_n.jpg","None","None","None"
"352","cheese","5","fol0wrs.instagrmfr33,masophotosawa,stephenjaworski,kaya_is","0",,"https://instagram.com/p/073VEUOvMb/","1000","1000","Should be a chef. #omelette #lunch #whereswally #coffee #bacon #onion #mushroom #cheese #food #shouldbeachef","1427897891","ceefrickenjayy","https://instagramimages-a.akamaihd.net/profiles/profile_636963771_75sq_1383211442.jpg","Cameron McLaren","image","https://scontent.cdninstagram.com/hphotos-xaf1/t51.2885-15/s306x306/e15/11116839_338965872967233_1522730799_n.jpg","https://scontent.cdninstagram.com/hphotos-xaf1/t51.2885-15/e15/11116839_338965872967233_1522730799_n.jpg","https://scontent.cdninstagram.com/hphotos-xaf1/t51.2885-15/s150x150/e15/11116839_338965872967233_1522730799_n.jpg","None","None","None"
"353","cheese","2","solda_hi,determines8experiment","0",,"https://instagram.com/p/073SNsyha7/","1000","1000","  #Tomato#Garlic#Onion#Jalapenos#cheese#Fettuccine#Pasta######cooking### ","1427897867","hyerim.keum","https://igcdn-photos-g-a.akamaihd.net/hphotos-ak-xfa1/t51.2885-19/10914269_887172108012894_148106714_a.jpg","HyerimKeum","image","https://scontent.cdninstagram.com/hphotos-xfa1/t51.2885-15/s306x306/e15/11049296_337970293068966_55320959_n.jpg","https://scontent.cdninstagram.com/hphotos-xfa1/t51.2885-15/e15/11049296_337970293068966_55320959_n.jpg","https://scontent.cdninstagram.com/hphotos-xfa1/t51.2885-15/s150x150/e15/11049296_337970293068966_55320959_n.jpg","None","None","None"
"354","cheese","2","joyjoy4216,dulcemcilwain","0",,"https://instagram.com/p/073P7CiB_K/","-79.955866927","32.783176805","Poe's Tavern #sullivansisland #sc is the place to go for #burgers to die for   I chose the ""Hop Frog"" that had #BBQ #sauce Applewood #bacon Monterey Jack #cheese Served with #delicious hand-cut #fries #beer What can I say but it was  one of the #best #burgers I've ever had This #local #tavern is rich in local #island history 
Named after Edgar Allen Poe who actually enlisted in the army and was stationed at Fort Moultrie under the name Edgar Allen Perry on Sullivan's Island  #funfact found on their menu...
Great way to finish my #roadtrip to #charleston #chucktown with a visit to #poestavern #burgerlove #beer #tavern #goodeats #foodporn @poestavern ","1427897849","dianamount","https://igcdn-photos-d-a.akamaihd.net/hphotos-ak-xpa1/t51.2885-19/10424351_267282036788739_408473329_a.jpg",,"image","https://scontent.cdninstagram.com/hphotos-xap1/t51.2885-15/s306x306/e15/1799799_843205872395644_2087029539_n.jpg","https://scontent.cdninstagram.com/hphotos-xap1/t51.2885-15/e15/1799799_843205872395644_2087029539_n.jpg","https://scontent.cdninstagram.com/hphotos-xap1/t51.2885-15/s150x150/e15/1799799_843205872395644_2087029539_n.jpg","None","None","None"
"355","cheese","0",,"0",,"https://instagram.com/p/073PHIl6VW/","1000","1000","#macandcheese for supper.. #food #foodstagram #cheese #macaroni #foodlovers","1427897842","caesaciptami","https://igcdn-photos-h-a.akamaihd.net/hphotos-ak-xaf1/t51.2885-19/10881786_850791684985311_353571805_a.jpg","caesa ciptami","image","https://scontent.cdninstagram.com/hphotos-xaf1/t51.2885-15/s306x306/e15/11049378_841202595925701_2042710663_n.jpg","https://scontent.cdninstagram.com/hphotos-xaf1/t51.2885-15/e15/11049378_841202595925701_2042710663_n.jpg","https://scontent.cdninstagram.com/hphotos-xaf1/t51.2885-15/s150x150/e15/11049378_841202595925701_2042710663_n.jpg","None","None","None"
"356","cheese","6","starshine444,gastronomia_etc,natyagir,beingconstant2008","0",,"https://instagram.com/p/073L5QkgKY/","166.493080622","-22.257148772","@instafoodapp #instafood #instafoodapp #instagood #food #foodporn #delicious #eating #foodpics #foodgasm #foodie #tasty #yummy #eat #hungry #love #cheese #omg","1427897816","ririfood","https://igcdn-photos-b-a.akamaihd.net/hphotos-ak-xfa1/t51.2885-19/11085029_340355326172937_1506812369_a.jpg",,"image","https://scontent.cdninstagram.com/hphotos-xfa1/t51.2885-15/s306x306/e15/10986071_781411568594982_1621056750_n.jpg","https://scontent.cdninstagram.com/hphotos-xfa1/t51.2885-15/e15/10986071_781411568594982_1621056750_n.jpg","https://scontent.cdninstagram.com/hphotos-xfa1/t51.2885-15/s150x150/e15/10986071_781411568594982_1621056750_n.jpg","None","None","None"
"357","cheese","0",,"0",,"https://instagram.com/p/073LUyp2mU/","127.04661363","37.55764418"," 
   # ~
#cheeeeeeese
#assorted #cheese","1427897811","sweetdyh","https://igcdn-photos-g-a.akamaihd.net/hphotos-ak-xfa1/t51.2885-19/11055503_1619670268245326_662484074_a.jpg","I'm Hella Happy","image","https://scontent.cdninstagram.com/hphotos-xfa1/t51.2885-15/s306x306/e15/10953731_1565689560339822_662539355_n.jpg","https://scontent.cdninstagram.com/hphotos-xfa1/t51.2885-15/e15/10953731_1565689560339822_662539355_n.jpg","https://scontent.cdninstagram.com/hphotos-xfa1/t51.2885-15/s150x150/e15/10953731_1565689560339822_662539355_n.jpg","None","None","None"
"358","cheese","3","maryleekitchen,vanesa_todorovic,the_healing_meal","0",,"https://instagram.com/p/073KZesU99/","127.0083374","37.5484073"," # #     . # # # # # #homemade #yogurt #cheese #maker #pinky #homegoods #instagood #instadaily #l4l #tflers","1427897803","crystal.kim2","https://igcdn-photos-a-a.akamaihd.net/hphotos-ak-xpa1/t51.2885-19/10362153_475250039244056_630922364_a.jpg","(S2U)","image","https://scontent.cdninstagram.com/hphotos-xfa1/t51.2885-15/s306x306/e15/11017652_1646000362290106_1667609394_n.jpg","https://scontent.cdninstagram.com/hphotos-xfa1/t51.2885-15/e15/11017652_1646000362290106_1667609394_n.jpg","https://scontent.cdninstagram.com/hphotos-xfa1/t51.2885-15/s150x150/e15/11017652_1646000362290106_1667609394_n.jpg","None","None","None"
"359","cheese","3","karencamilo,danielaeesanchez,isabel_act","0",,"https://instagram.com/p/073IQZtEDP/","1000","1000","My blonde & I ... #together#loveher#Anneurysbirthday#cheese  #upallnight#Holamundo","1427897786","karencamilo","https://igcdn-photos-f-a.akamaihd.net/hphotos-ak-xaf1/t51.2885-19/11015599_1418701551761565_592304672_a.jpg","Karen Camilo","image","https://scontent.cdninstagram.com/hphotos-xaf1/t51.2885-15/s306x306/e15/11024127_385658764954498_1869089438_n.jpg","https://scontent.cdninstagram.com/hphotos-xaf1/t51.2885-15/e15/11024127_385658764954498_1869089438_n.jpg","https://scontent.cdninstagram.com/hphotos-xaf1/t51.2885-15/s150x150/e15/11024127_385658764954498_1869089438_n.jpg","None","None","None"
"360","cheese","10","jessika_pritchard,charliedulcet,wubikaixin,jennannpro","0",,"https://instagram.com/p/073EpmAS0n/","-1.235035563","51.748199697","Cheese for dayzzzz. #Oxford #exploringoxford #market #farmersmarket #cheese #food #foodporn #foodie #blog #blogger #lifestyle #lifestyleblog #lifestyleblogger #instagood #photooftheday #pictureoftheday #picoftheday #england #travel","1427897756","chorstmann","https://igcdn-photos-f-a.akamaihd.net/hphotos-ak-xaf1/t51.2885-19/11032806_1549632238649549_2007152911_a.jpg","Chelsey Horstmann Dennis","image","https://scontent.cdninstagram.com/hphotos-xpa1/t51.2885-15/s306x306/e15/924749_451374411690382_464107276_n.jpg","https://scontent.cdninstagram.com/hphotos-xpa1/t51.2885-15/e15/924749_451374411690382_464107276_n.jpg","https://scontent.cdninstagram.com/hphotos-xpa1/t51.2885-15/s150x150/e15/924749_451374411690382_464107276_n.jpg","None","None","None"
"361","cheese","31","sovereignandsaint,jaylewis_,xbente038x,mel_in","1","#starchsolution #fitlifestyle #plantbased #vegancookies #oats #healthymeal #oatmeal #veganfoodshare #bestofvegan #fitfood #cleanmeal #cheese #taichung #newyork #instalike #foolday #igers #delicious #pasta #cafe #foodstagram #rustic #yummy #salad #lunch #cheflife #risotto #tinospizza #graduate #instafood","https://instagram.com/p/073CTtFN87/","-87.823171667","42.203091667","Breakfast for a hc vegan. I have to go see a nutritionist today. I hate it. The people on my Snapchat knows what happens, but I'll say it again for the people who don't. I'm starting this stupid therapy thing for people who have eating disorders. I don't know what you want to call it, but I don't have an eating disorder. I guess if you lose weight and you don't like what you look like you have an eating disorder. Anyways I go there like every day. But the sucky thing is, is that it goes all the way from after school, to 8pm. That is going to screw with my homework and studying time. Anyways it's this group thing that kids ages 12-18 come together and do, ""feeling,"" activities. I have a feeling I'm not going to make any friends. And I don't plan too. We all know what the workers there want to do to us. And it ain't nice. Also, we eat dinner and snacks there. The thing that is really fucking bullshit, is that they are making me eat meat, dairy, eggs, etc. the girl who talked to me about it said, ""we don't honor vegetarians and vegans! This is a recovery so we will be making you eat meat and dairy."" WTF?! Have a little flexibility!! Anyways I'm going to a nutritionist today and I'm going to try to talk her into letting me eat vegan. THE SNACKS REQUIRE A DAIRY PRODUCT. good thing that there's like 3 snacks that aren't from animals. But there super high in fat and sugar. Also, last thing. There's this form that I have to fill out about allergies. Hopefully they will believe me when I write down I'm allergic to fish, milk, eggs, and dairy.","1427897737","sydneyyontez","https://igcdn-photos-g-a.akamaihd.net/hphotos-ak-xaf1/t51.2885-19/10914376_1592106914338310_1422979778_a.jpg",,"image","https://scontent.cdninstagram.com/hphotos-xaf1/t51.2885-15/s306x306/e15/11055651_1642151496013527_1280920500_n.jpg","https://scontent.cdninstagram.com/hphotos-xaf1/t51.2885-15/e15/11055651_1642151496013527_1280920500_n.jpg","https://scontent.cdninstagram.com/hphotos-xaf1/t51.2885-15/s150x150/e15/11055651_1642151496013527_1280920500_n.jpg","None","None","None"
"362","cheese","0",,"0",,"https://instagram.com/p/073BKwxz5I/","-79.42075","43.65463","#jambon #cheese #barisabel #yummy #foodheads #secondincanada","1427897728","mattandtarahebert","https://igcdn-photos-g-a.akamaihd.net/hphotos-ak-frc/t51.2885-19/10543556_888662027832278_500207259_a.jpg",,"image","https://scontent.cdninstagram.com/hphotos-xpa1/t51.2885-15/s306x306/e15/1515122_1430829263877616_1209151946_n.jpg","https://scontent.cdninstagram.com/hphotos-xpa1/t51.2885-15/e15/1515122_1430829263877616_1209151946_n.jpg","https://scontent.cdninstagram.com/hphotos-xpa1/t51.2885-15/s150x150/e15/1515122_1430829263877616_1209151946_n.jpg","None","None","None"
